{
  "SRAM_PUF": {
    "mean_ms": 0.07827499997802079,
    "std_ms": 0.030084009185685167,
    "min_ms": 0.063000014051795,
    "max_ms": 0.25859999004751444,
    "throughput_ops_sec": 12775.471099083932
  },
  "RO_PUF": {
    "mean_ms": 0.38211600040085614,
    "std_ms": 0.06234958557550354,
    "min_ms": 0.3569999826140702,
    "max_ms": 0.7871999987401068,
    "throughput_ops_sec": 2617.0063513460755
  },
  "Arbiter_PUF": {
    "mean_ms": 0.03155200160108507,
    "std_ms": 0.1082844606406784,
    "min_ms": 0.01969997538253665,
    "max_ms": 1.102800015360117,
    "throughput_ops_sec": 31693.710359269575
  },
  "Clone_Detection": {
    "mean_ms": 18.10982999159023,
    "std_ms": 1.2230273842352721,
    "min_ms": 16.100000008009374,
    "max_ms": 20.567999978084117,
    "throughput_ops_sec": 55.21862990786639
  },
  "CT_Compare": {
    "mean_ms": 0.0005209998926147819,
    "std_ms": 0.00230385260337345,
    "min_ms": 0.00019994331523776054,
    "max_ms": 0.023300002794712782,
    "throughput_ops_sec": 1919386.1921568236
  }
}